<?xml version="1.0" encoding="UTF-8"?>
<!-- generated on 2018-12-13 00:50:19.608151 by $Id$
  options: -n jubilee.net.xml -r jubilee.rou.xml -e 50 -l
-->
<routes xmlns:xsi="http://www.w3.org/2001/XMLSchema-instance" xsi:noNamespaceSchemaLocation="http://sumo.dlr.de/xsd/routes_file.xsd">
    <trip id="0" depart="0.00" from="32482346#4" to="309354679"/>
    <trip id="1" depart="1.00" from="314222936#0" to="184390781"/>
    <trip id="2" depart="2.00" from="314369696#0" to="32482346#4"/>
    <trip id="3" depart="3.00" from="32482346#4" to="309354679"/>
    <trip id="4" depart="4.00" from="311211151#0" to="250635602#3"/>
    <trip id="5" depart="5.00" from="31825775" to="309354679"/>
    <trip id="6" depart="6.00" from="-31617738#1" to="-31617738#1"/>
    <trip id="7" depart="7.00" from="314369696#0" to="250635602#3"/>
    <trip id="8" depart="8.00" from="311211151#0" to="309354679"/>
    <trip id="9" depart="9.00" from="311211151#0" to="309354679"/>
    <trip id="10" depart="10.00" from="28655149" to="32482346#4"/>
    <trip id="11" depart="11.00" from="-354535786#0" to="309354679"/>
    <trip id="12" depart="12.00" from="-31617738#1" to="309354679"/>
    <trip id="13" depart="13.00" from="314369696#2" to="309354679"/>
    <trip id="14" depart="14.00" from="28655149" to="309354679"/>
    <trip id="15" depart="15.00" from="311211151#0" to="-157187809#1"/>
    <trip id="16" depart="16.00" from="-31617738#1" to="-31617738#1"/>
    <trip id="17" depart="17.00" from="32482346#4" to="309354679"/>
    <trip id="18" depart="18.00" from="32482346#4" to="32482346#4"/>
    <trip id="19" depart="19.00" from="32482346#4" to="309354679"/>
    <trip id="20" depart="20.00" from="32482346#4" to="-31617738#1"/>
    <trip id="21" depart="21.00" from="28655149" to="-31617741#1"/>
    <trip id="22" depart="22.00" from="32482346#4" to="314222936#1"/>
    <trip id="23" depart="23.00" from="28655149" to="309354679"/>
    <trip id="24" depart="24.00" from="157187809#0" to="31617741#1"/>
    <trip id="25" depart="25.00" from="314369696#0" to="32482346#4"/>
    <trip id="26" depart="26.00" from="311211151#0" to="309354679"/>
    <trip id="27" depart="27.00" from="31825775" to="309354679"/>
    <trip id="28" depart="28.00" from="28655149" to="354537879"/>
    <trip id="29" depart="29.00" from="32482346#4" to="184390781"/>
    <trip id="30" depart="30.00" from="311211151#0" to="309354679"/>
    <trip id="31" depart="31.00" from="314222936#0" to="32482346#4"/>
    <trip id="32" depart="32.00" from="32482346#4" to="184390781"/>
    <trip id="33" depart="33.00" from="-31617738#1" to="-157187809#1"/>
    <trip id="34" depart="34.00" from="314222936#0" to="309354679"/>
    <trip id="35" depart="35.00" from="32482346#4" to="-31617738#1"/>
    <trip id="36" depart="36.00" from="28655149" to="32482346#4"/>
    <trip id="37" depart="37.00" from="314222936#0" to="309354679"/>
    <trip id="38" depart="38.00" from="32482346#3" to="-354535786#0"/>
    <trip id="39" depart="39.00" from="311211151#0" to="-157187809#1"/>
    <trip id="40" depart="40.00" from="32482346#3" to="309354679"/>
    <trip id="41" depart="41.00" from="28655149" to="309354679"/>
    <trip id="42" depart="42.00" from="314369696#0" to="184390781"/>
    <trip id="43" depart="43.00" from="314369696#0" to="-31617738#1"/>
    <trip id="44" depart="44.00" from="314369696#0" to="250635602#3"/>
    <trip id="45" depart="45.00" from="28655149" to="184390781"/>
    <trip id="46" depart="46.00" from="314369696#0" to="32482346#4"/>
    <trip id="47" depart="47.00" from="-31617741#1" to="32482346#4"/>
    <trip id="48" depart="48.00" from="28655149" to="309354679"/>
    <trip id="49" depart="49.00" from="31825775" to="309354679"/>
</routes>
